Luminosity,Temperature,Humidity,Infrared,Distance,CreatedAt,IsAlarm
63.96,24.77,45,24,400,01/03/2020 10:22:01,No
64.06,24.77,45,25,55,01/03/2020 10:22:02,No
64.06,24.77,45,26,71.52,01/03/2020 10:22:03,No
63.18,24.44,45,23,56,01/03/2020 10:22:04,No
69.14,24.12,45,24,64,01/03/2020 10:22:05,No
65.62,23.8,45,24,33,01/03/2020 10:22:06,No
66.41,23.8,45,25,32,01/03/2020 10:22:07,No
68.85,24.77,45,26,34,01/03/2020 10:22:08,No
69.14,24.77,45,23,65,01/03/2020 10:22:09,No
67.58,24.44,45,24,32,01/03/2020 10:22:10,No
61.91,23.8,42,24,56,01/03/2020 10:22:11,No
54.79,24.12,42,25,43,01/03/2020 10:22:12,No
90.33,23.48,42,26,11.61,01/03/2020 10:22:13,No
100,24.44,42,23,10.78,01/03/2020 10:22:14,No
100,24.12,42,24,43,01/03/2020 10:22:15,No
83.59,23.48,42,24,76,01/03/2020 10:22:16,No
79.49,24.12,42,25,22,01/03/2020 10:22:17,No
84.18,23.48,42,26,34,01/03/2020 10:22:18,No
88.38,24.77,42,23,400,01/03/2020 10:22:19,No
87.6,23.48,42,24,25,01/03/2020 10:22:20,No
79,23.48,42,24,54,01/03/2020 10:22:21,No
84.67,23.48,42,25,54,01/03/2020 10:22:22,No
87.6,23.48,42,26,400,01/03/2020 10:22:23,No
60.94,24.77,42,23,78.83,01/03/2020 10:22:24,No
95.31,23.48,48,24,73.24,01/03/2020 10:22:25,No
92.77,23.48,48,24,73.64,01/03/2020 10:22:26,No
93.16,23.48,48,25,73.86,01/03/2020 10:22:27,No
84.77,23.48,48,26,33,01/03/2020 10:22:28,No
88.67,23.8,48,23,34,01/03/2020 10:22:29,No
87.11,24.77,48,24,68.15,01/03/2020 10:22:30,No
86.23,24.77,48,24,66.11,01/03/2020 10:22:31,No
84.77,24.44,48,25,66.15,01/03/2020 10:22:32,No
82.13,24.77,48,26,66.19,01/03/2020 10:22:33,No
83.3,24.77,48,23,64.68,01/03/2020 10:22:34,No
81.35,24.77,48,24,73.78,01/03/2020 10:22:35,No
89.55,24.44,48,24,68.42,01/03/2020 10:22:36,No
95.61,24.44,48,25,69.64,01/03/2020 10:22:37,No
94.43,24.77,48,26,68.61,01/03/2020 10:22:38,No
89.26,24.77,48,23,67.07,01/03/2020 10:22:39,No
84.77,24.12,48,24,67.14,01/03/2020 10:22:40,No
83.5,24.44,48,24,68.91,01/03/2020 10:22:41,No
82.32,24.44,48,25,55,01/03/2020 10:22:42,No
83.69,23.48,45,26,63.88,01/03/2020 10:22:43,No
81.54,24.12,45,23,37.69,01/03/2020 10:22:44,No
80.27,24.44,45,24,65,01/03/2020 10:22:45,No
77.05,24.12,45,22,55,01/03/2020 10:22:46,No
25.59,23.48,45,34,19.84,01/03/2020 10:22:47,Yes
34.18,24.12,45,35,12,01/03/2020 10:22:48,Yes
24.9,24.44,45,424,11,01/03/2020 10:22:49,Yes
42.87,24.14,45,24,6.79,01/03/2020 10:22:50,No
40.82,24.14,45,25,8.79,01/03/2020 10:22:51,No
50.29,24.14,45,26,8.52,01/03/2020 10:22:52,No
100,24.14,42,23,400,01/03/2020 10:22:53,No
100,24.14,42,24,7.48,01/03/2020 10:22:54,No
62.4,24.14,42,24,8.8,01/03/2020 10:22:55,No
50.49,24.82,42,25,8.84,01/03/2020 10:22:56,No
50.1,24.14,42,26,9.42,01/03/2020 10:22:57,No
4.1,24.63,42,23,400,01/03/2020 10:22:58,No
5.37,24.63,42,24,400,01/03/2020 10:22:59,No
4,24.63,42,24,400,01/03/2020 10:23:00,No
4.2,24.63,42,25,200,01/03/2020 10:23:01,No
4.1,24.63,42,26,400,01/03/2020 10:23:02,No
4.2,24.63,42,23,400,01/03/2020 10:23:03,No
4.1,24.63,42,24,154.51,01/03/2020 10:23:04,No
4.1,24.63,42,24,400,01/03/2020 10:23:05,No
4.1,24.63,42,25,111,01/03/2020 10:23:06,No
6.05,24.6,48,26,111,01/03/2020 10:23:07,No
4.1,24.63,48,23,400,01/03/2020 10:23:08,No
3.91,24.31,48,24,5.13,01/03/2020 10:23:09,No
4.1,23.63,48,24,400,01/03/2020 10:23:10,No
4.1,23.63,48,25,400,01/03/2020 10:23:11,No
4.1,23.63,48,26,400,01/03/2020 10:23:12,No
5.47,23.63,48,23,400,01/03/2020 10:23:13,No
4.3,23.63,48,24,400,01/03/2020 10:23:14,No
4.3,23.63,48,22,400,01/03/2020 10:23:15,No
4.1,23.63,48,33,400,01/03/2020 10:23:16,No
4.1,23.63,48,22,400,01/03/2020 10:23:17,No
97.46,64.05,48,234,14,01/03/2020 10:23:18,No
82.32,112,48,34,34,01/03/2020 10:23:19,Yes
66.8,131,48,33,5.12,01/03/2020 10:23:20,Yes
100,144,48,36,15,01/03/2020 10:23:21,Yes
100,121,48,434,16,01/03/2020 10:23:22,Yes
100,111,48,434,22,01/03/2020 10:23:23,Yes
100,101,48,42,24,01/03/2020 10:23:24,Yes
100,84.71,45,434,6.34,01/03/2020 10:23:25,Yes
100,70.85,45,434,14,01/03/2020 10:23:26,Yes
100,90.83,45,42,17,01/03/2020 10:23:27,Yes
100,92.12,45,33,21,01/03/2020 10:23:28,Yes
100,98.24,45,34,22,01/03/2020 10:23:29,Yes
100,87.29,45,36,23,01/03/2020 10:23:30,Yes
18.75,22,45,35,99,11/05/2020 15:13:30,Yes
21.58,23,45,43,122,11/05/2020 15:13:31,Yes
21.97,23,45,32,400,11/05/2020 15:13:32,Yes
18.36,22,45,43,201,11/05/2020 15:13:33,Yes
18.07,23,42,54,111,11/05/2020 15:13:34,Yes
21,82,42,54,55,11/05/2020 15:13:35,Yes
23.44,73,42,54,66,11/05/2020 15:13:36,Yes
22.75,62,42,43,12,11/05/2020 15:13:37,Yes
19.14,73,42,43,44,11/05/2020 15:13:38,Yes
21.09,63,42,32,104,11/05/2020 15:13:39,Yes
6.54,28.96,42,24,18.78,11/05/2020 15:13:40,No
14.45,24.28,42,25,17.49,11/05/2020 15:13:41,No
9.08,23.96,42,26,154.89,11/05/2020 15:13:42,No
7.71,23.96,42,23,155.39,11/05/2020 15:13:43,No
8.98,23.96,42,24,400,11/05/2020 15:13:44,No
10.64,23.96,42,24,154.98,11/05/2020 15:13:45,No
9.08,23.28,42,25,14.8,11/05/2020 15:13:46,No
30.47,23.28,42,26,154.91,11/05/2020 15:13:47,No
26.46,23.28,48,23,155.8,11/05/2020 15:13:48,No
39.94,23.28,48,24,155.79,11/05/2020 15:13:49,No
45.51,23.28,48,24,12.08,11/05/2020 15:13:50,No
54.1,23.28,48,25,156.99,11/05/2020 15:13:51,No
55.57,23.28,48,26,156.15,11/05/2020 15:13:52,No
57.32,23.28,48,23,9.62,11/05/2020 15:13:53,No
66.5,23.28,48,24,11.26,11/05/2020 15:13:54,No
69.04,23.28,48,24,10.39,11/05/2020 15:13:55,No
60.25,23.28,48,25,10.11,11/05/2020 15:13:56,No
59.18,23.96,48,26,9.34,11/05/2020 15:13:57,No
61.62,23.28,48,23,10.37,11/05/2020 15:13:58,No
100,23.28,48,24,6.39,11/05/2020 15:13:59,No
86.91,23.28,48,24,6.14,11/05/2020 15:14:00,No
45.7,24.92,48,25,6.45,11/05/2020 15:14:01,No
37.99,24.31,48,26,154.1,11/05/2020 15:14:02,No
18.55,24.77,48,23,400,11/05/2020 15:14:03,No
24.9,24.12,48,24,400,11/05/2020 15:14:04,No
24.41,24.44,48,24,400,11/05/2020 15:14:05,No
25.49,24.44,45,25,400,11/05/2020 15:14:06,No
25.39,24.44,45,26,400,11/05/2020 15:14:07,No
25.49,24.44,45,23,400,11/05/2020 15:14:08,No
25.88,24.44,45,24,400,11/05/2020 15:14:09,No
25.98,24.44,45,24,194.66,11/05/2020 15:14:10,No
25.88,24.44,45,25,193.78,11/05/2020 15:14:11,No
25.98,24.44,45,26,194.64,11/05/2020 15:14:12,No
26.46,24.44,45,23,400,11/05/2020 15:14:13,No
26.46,24.44,45,24,193.73,11/05/2020 15:14:14,No
25.88,24.12,45,23,400,11/05/2020 15:14:15,No
26.56,24.44,42,32,400,11/05/2020 15:14:16,No
25.59,24.77,42,23,400,11/05/2020 15:14:17,No
26.46,24.77,42,25,400,11/05/2020 15:14:18,No
100,132.4,42,44,4,11/05/2020 15:14:19,Yes
100,115,42,34,23,11/05/2020 15:14:20,Yes
100,109.52,42,43,21,11/05/2020 15:14:21,Yes
100,94.05,42,32,21,11/05/2020 15:14:22,Yes
100,96.63,42,35,32,11/05/2020 15:14:23,Yes
100,99.53,42,43,12,11/05/2020 15:14:24,Yes
73.63,27.67,42,22,65,11/05/2020 15:14:25,No
73.05,27.67,42,32,34,11/05/2020 15:14:26,No
72.95,27.34,42,23,23,11/05/2020 15:14:27,No
75.59,27.67,42,234,400,11/05/2020 15:14:28,No
73.73,27.34,42,24,23,11/05/2020 15:14:29,No
75.29,27.34,48,23,45,11/05/2020 15:14:30,No
76.17,27.67,48,25,67,11/05/2020 15:14:31,No
73.63,27.34,48,24,45,11/05/2020 15:14:32,No
75,27.67,48,25,67,11/05/2020 15:14:33,No
74.51,27.99,48,26,78,11/05/2020 15:14:34,No
74.9,28.63,48,23,89,11/05/2020 15:14:35,No
74.32,27.34,48,24,43,11/05/2020 15:14:36,No
74.61,27.34,48,24,54,11/05/2020 15:14:37,No
73.54,27.34,48,25,76,11/05/2020 15:14:38,No
71.48,27.34,48,26,87,11/05/2020 15:14:39,No
73.34,27.34,48,23,54,11/05/2020 15:14:40,No
73.83,27.34,48,24,32,11/05/2020 15:14:41,No
71.88,27.34,48,24,43,11/05/2020 15:14:42,No
73.24,27.67,48,25,193.4,11/05/2020 15:14:43,No
72.27,27.34,48,26,33,11/05/2020 15:14:44,No
71.97,27.34,48,23,55,11/05/2020 15:14:45,No
71.78,27.67,48,24,44,11/05/2020 15:14:46,No
70.31,27.34,48,23,66,11/05/2020 15:14:47,No
69.82,27.34,45,32,77,11/05/2020 15:14:48,No
70.7,27.34,45,234,88,11/05/2020 15:14:49,No
70.02,27.34,45,24,44,11/05/2020 15:14:50,No
36.52,63,45,25,32,12/07/2020 21:04:12,Yes
35.84,72,45,33,21,12/07/2020 21:04:13,Yes
36.62,52,45,34,56,12/07/2020 21:04:14,Yes
35.16,72,45,36,22,12/07/2020 21:04:15,Yes
35.06,83,45,43,78,12/07/2020 21:04:16,Yes
35.45,72,45,34,22,12/07/2020 21:04:17,Yes
34.86,82,45,42,32,12/07/2020 21:04:18,Yes
35.94,52,42,33,22,12/07/2020 21:04:19,Yes
18.55,24.77,42,24,400,12/07/2020 21:04:20,No
24.9,24.12,42,25,400,12/07/2020 21:04:21,No
24.41,24.44,42,26,193.72,12/07/2020 21:04:22,No
25.49,24.44,42,23,193.75,12/07/2020 21:04:23,No
25.39,24.44,42,24,400,12/07/2020 21:04:24,No
25.49,24.44,42,24,400,12/07/2020 21:04:25,No
25.88,24.44,42,25,400,12/07/2020 21:04:26,No
25.98,24.44,42,26,400,12/07/2020 21:04:27,No
76.17,27.67,42,23,34,12/07/2020 21:04:28,No
73.63,27.34,42,24,45,12/07/2020 21:04:29,No
75,27.67,42,24,56,12/07/2020 21:04:30,No
74.51,27.99,42,25,67,12/07/2020 21:04:31,No
74.9,28.63,42,26,23,12/07/2020 21:04:32,No
74.32,27.34,48,23,34,12/07/2020 21:04:33,No
74.61,27.34,48,24,45,12/07/2020 21:04:34,No
73.54,27.34,48,24,56,12/07/2020 21:04:35,No
71.48,27.34,48,25,67,12/07/2020 21:04:36,No
73.34,27.34,48,26,78,12/07/2020 21:04:37,No
73.83,27.34,48,23,89,12/07/2020 21:04:38,No
71.88,27.34,48,24,23,12/07/2020 21:04:39,No
73.24,27.67,48,24,34,12/07/2020 21:04:40,No
72.27,27.34,48,25,45,12/07/2020 21:04:41,No
71.97,27.34,48,26,56,12/07/2020 21:04:42,No
71.78,27.67,48,23,67,12/07/2020 21:04:43,No
70.31,27.34,48,24,12,12/07/2020 21:04:44,No
69.82,27.34,48,24,23,12/07/2020 21:04:45,No
70.7,27.34,48,24,400,12/07/2020 21:04:46,No
70.02,29,48,24,45,12/07/2020 21:04:47,No
36.52,22,48,34,56,12/07/2020 21:04:48,Yes
35.84,23,48,34,67,12/07/2020 21:04:49,Yes
36.62,23,48,34,99,12/07/2020 21:04:50,Yes
35.16,22,45,34,32,12/07/2020 21:04:51,Yes
35.06,62,45,34,199,12/07/2020 21:04:52,Yes
35.45,73,45,34,76,12/07/2020 21:04:53,Yes
34.86,83,45,34,193.4,12/07/2020 21:04:54,Yes
35.94,95.09,45,34,193.4,12/07/2020 21:04:55,Yes
25.49,24.44,45,24,193.73,12/07/2020 21:04:56,No
25.78,24.44,45,24,400,12/07/2020 21:04:57,No
25.68,24.44,45,24,400,12/07/2020 21:04:58,No
25.78,24.44,45,24,400,12/07/2020 21:04:59,No
100,95.66,45,34,22,12/07/2020 21:05:00,Yes
100,88.9,42,34,21,12/07/2020 21:05:01,Yes
100,88.25,42,34,17,12/07/2020 21:05:02,Yes
100,86.96,42,34,18,12/07/2020 21:05:03,Yes
75.78,27.34,42,24,45,12/07/2020 21:05:04,No
74.02,27.34,42,24,56,12/07/2020 21:05:05,No
26.86,90.89,42,34,67,12/07/2020 21:05:06,Yes
24.41,80.89,42,34,78,12/07/2020 21:05:07,Yes
26.76,73,42,34,23,12/07/2020 21:05:08,Yes
35.74,65,42,34,24,12/07/2020 21:05:09,Yes
36.52,65,42,34,23,12/07/2020 21:05:10,Yes
35.74,55.09,42,34,45,12/07/2020 21:05:11,Yes
100,101.79,42,34,12,12/07/2020 21:05:12,Yes
100,98.24,42,34,15,12/07/2020 21:05:13,Yes
100,95.02,42,34,17,12/07/2020 21:05:14,Yes
25.88,24.44,48,24,400,12/07/2020 21:05:15,No
25.98,24.44,48,25,400,12/07/2020 21:05:16,No
26.46,24.44,48,26,193.75,12/07/2020 21:05:17,No
26.46,24.44,48,23,400,12/07/2020 21:05:18,No
25.88,24.12,48,24,400,12/07/2020 21:05:19,No
26.56,24.44,48,24,400,12/07/2020 21:05:20,No
25.59,24.77,48,24,400,12/07/2020 21:05:21,No
26.46,24.77,48,24,194.58,12/07/2020 21:05:22,No
100,132.4,48,34,12,03/08/2020 15:06:03,No
100,115,48,34,15,03/08/2020 15:06:04,Yes
100,109.52,48,34,13,03/08/2020 15:06:05,Yes
100,94.05,48,34,15,03/08/2020 15:06:06,Yes
100,96.63,48,34,14,03/08/2020 15:06:07,Yes
100,99.53,48,34,22,03/08/2020 15:06:08,Yes
73.63,27.67,48,24,67,03/08/2020 15:06:09,No
73.05,27.67,48,25,78,03/08/2020 15:06:10,No
72.95,27.34,48,26,56,03/08/2020 15:06:11,No
75.59,27.67,48,23,34,03/08/2020 15:06:12,No
73.73,27.34,45,24,32,03/08/2020 15:06:13,No
75.29,27.34,45,24,23,03/08/2020 15:06:14,No
11.82,24.77,45,25,400,03/08/2020 15:06:15,No
12.11,25.09,45,26,400,03/08/2020 15:06:16,No
12.01,25.09,45,23,400,03/08/2020 15:06:17,No
12.11,25.09,45,24,400,03/08/2020 15:06:18,No
12.01,25.09,45,24,400,03/08/2020 15:06:19,No
12.21,24.77,45,25,400,03/08/2020 15:06:20,No
11.33,25.09,45,26,400,03/08/2020 15:06:21,No
13.09,25.09,45,23,400,03/08/2020 15:06:22,No
11.91,25.09,42,24,400,03/08/2020 15:06:23,No
11.72,24.44,42,24,400,03/08/2020 15:06:24,No
12.11,25.09,42,25,400,03/08/2020 15:06:25,No
12.3,25.09,42,26,400,03/08/2020 15:06:26,No
10.94,25.09,42,23,400,03/08/2020 15:06:27,No
11.91,25.41,42,24,400,03/08/2020 15:06:28,No
11.04,25.09,42,24,400,03/08/2020 15:06:29,No
11.82,25.41,42,25,400,03/08/2020 15:06:30,No
11.43,25.41,42,26,400,03/08/2020 15:06:31,No
11.33,25.41,42,23,400,03/08/2020 15:06:32,No
11.82,25.09,42,24,400,03/08/2020 15:06:33,No
10.74,24.77,42,24,400,03/08/2020 15:06:34,No
9.28,25.41,42,25,400,03/08/2020 15:06:35,No
11.91,24.77,42,26,400,03/08/2020 15:06:36,No
11.91,25.09,48,23,400,03/08/2020 15:06:37,No
12.11,25.09,48,24,92.82,03/08/2020 15:06:38,No
12.11,25.09,48,24,400,03/08/2020 15:06:39,No
11.82,25.09,48,25,77.05,03/08/2020 15:06:40,No
12.11,25.09,48,26,400,03/08/2020 15:06:41,No
12.6,25.09,48,23,400,03/08/2020 15:06:42,No
11.91,25.09,48,24,400,03/08/2020 15:06:43,No
11.13,25.09,48,24,77.03,03/08/2020 15:06:44,No
12.11,25.09,48,25,400,03/08/2020 15:06:45,No
11.91,25.09,48,26,400,03/08/2020 15:06:46,No
13.18,25.09,48,23,400,03/08/2020 15:06:47,No
11.91,25.09,48,24,400,03/08/2020 15:06:48,No
12.5,24.77,48,24,400,03/08/2020 15:06:49,No
12.3,24.77,48,25,400,03/08/2020 15:06:50,No
12.4,25.09,48,26,400,03/08/2020 15:06:51,No
11.91,25.09,48,23,400,03/08/2020 15:06:52,No
12.11,25.09,48,24,400,03/08/2020 15:06:53,No
12.3,25.09,48,24,400,03/08/2020 15:06:54,No
13.48,24.77,45,25,400,03/08/2020 15:06:55,No
12.11,25.09,45,26,400,03/08/2020 15:06:56,No
12.21,25.09,45,23,400,03/08/2020 15:06:57,No
12.4,24.77,45,24,400,03/08/2020 15:06:58,No
11.43,24.77,45,24,400,03/08/2020 15:06:59,No
12.99,25.09,45,25,400,03/08/2020 15:07:00,No
12.3,25.09,45,26,55,03/08/2020 15:07:01,No
12.11,25.09,45,23,400,03/08/2020 15:07:02,No
12.3,25.09,45,24,400,03/08/2020 15:07:03,No
12.21,25.09,45,24,400,03/08/2020 15:07:04,No
12.11,25.09,42,25,400,03/08/2020 15:07:05,No
12.01,25.09,42,26,400,03/08/2020 15:07:06,No
12.3,25.09,42,23,55,03/08/2020 15:07:07,No
12.21,25.09,42,24,400,03/08/2020 15:07:08,No
12.4,25.09,42,24,400,03/08/2020 15:07:09,No
12.01,25.09,42,25,400,03/08/2020 15:07:10,No
12.4,24.44,42,26,400,03/08/2020 15:07:11,No
12.5,24.77,42,23,400,03/08/2020 15:07:12,No
12.6,25.09,42,24,343,03/08/2020 15:07:13,No
12.5,25.09,42,24,400,03/08/2020 15:07:14,No
12.5,24.77,42,25,400,03/08/2020 15:07:15,No
17.48,24.77,42,26,400,03/08/2020 15:07:16,No
8.2,24.77,42,23,400,03/08/2020 15:07:17,No
12.4,25.09,42,24,400,03/08/2020 15:07:18,No
12.79,25.09,48,24,400,03/08/2020 15:07:19,No
12.6,25.09,48,25,400,03/08/2020 15:07:20,No
12.3,25.09,48,26,400,03/08/2020 15:07:21,No
12.6,24.77,48,23,400,03/08/2020 15:07:22,No
12.6,24.44,48,24,89.11,03/08/2020 15:07:23,No
14.06,24.77,48,24,400,03/08/2020 15:07:24,No
13.96,24.77,48,24,400,03/08/2020 15:07:25,No
12.89,25.09,48,24,400,03/08/2020 15:07:26,No
100,56.03,48,34,22,03/08/2020 15:07:27,No
100,112,48,34,21,03/08/2020 15:07:28,Yes
100,131,48,34,21,03/08/2020 15:07:29,Yes
100,144,48,34,22,03/08/2020 15:07:30,Yes
100,121,48,34,21,03/08/2020 15:07:31,Yes
100,111,48,34,16,03/08/2020 15:07:32,Yes
100,101,48,34,19,03/08/2020 15:07:33,Yes
100,47.97,48,34,19,03/08/2020 15:07:34,Yes
100,50.87,48,34,22,03/08/2020 15:07:35,Yes
100,63.79,48,34,22,03/08/2020 15:07:36,Yes
100,64.43,45,34,22,03/08/2020 15:07:37,Yes
100,52.82,45,34,22,03/08/2020 15:07:38,Yes
100,112,45,34,15,03/08/2020 15:07:39,Yes
100,131,45,34,22,03/08/2020 15:07:40,Yes
100,144,45,34,21,03/08/2020 15:07:41,Yes
100,121,45,34,21,03/08/2020 15:07:42,Yes
100,111,45,34,22,03/08/2020 15:07:43,Yes
100,101,45,34,16,03/08/2020 15:07:44,Yes
100,76.65,45,34,18,03/08/2020 15:07:45,Yes
100,69.56,45,34,16,03/08/2020 15:07:46,Yes
100,58.6,42,34,19,03/08/2020 15:07:47,Yes
100,74.07,42,34,15,03/08/2020 15:07:48,Yes
100,42.81,42,34,22,03/08/2020 15:07:49,Yes
100,100.82,42,34,8,03/08/2020 15:07:50,Yes
100,56.03,42,34,12,03/08/2020 15:07:51,Yes
100,32.18,42,34,33,03/08/2020 15:07:52,Yes
100,47.97,42,34,23,03/08/2020 15:07:53,Yes
100,81.48,42,34,15,03/08/2020 15:07:54,Yes
100,55.7,42,34,22,03/08/2020 15:07:55,Yes
100,111,42,34,7.1,03/08/2020 15:07:56,Yes
100,88,42,34,23,03/08/2020 15:07:57,Yes
100,131,42,34,23,03/08/2020 15:07:58,Yes
100,88,42,34,32,03/08/2020 15:07:59,Yes
100,121,42,34,7.96,03/08/2020 15:08:00,Yes
100,111,48,34,23,03/08/2020 15:08:01,Yes
100,33,48,34,41.84,03/08/2020 15:08:02,Yes
100,36.37,48,34,46.4,03/08/2020 15:08:03,Yes
100,38.95,48,34,21,03/08/2020 15:08:04,Yes
100,99,48,34,8.4,03/08/2020 15:08:05,Yes
100,35.08,48,34,19,03/08/2020 15:08:06,Yes
100,88,48,34,7.16,03/08/2020 15:08:07,Yes
100,50.55,48,34,21,03/08/2020 15:08:08,Yes
100,108.55,48,34,7,03/08/2020 15:08:09,Yes
100,90.83,48,34,12,03/08/2020 15:08:10,Yes
100,66.98,48,34,32,03/08/2020 15:08:11,Yes
100,65.37,48,34,43,03/08/2020 15:08:12,Yes
100,85.67,48,34,40.68,03/08/2020 15:08:13,Yes
100,36.37,48,34,42.18,03/08/2020 15:08:14,Yes
100,97.28,48,34,19,03/08/2020 15:08:15,Yes
100,74.72,48,34,400,03/08/2020 15:08:16,Yes
100,68.59,48,34,33,03/08/2020 15:08:17,Yes
100,95.34,48,34,7.9,03/08/2020 15:08:18,Yes
100,89.54,45,34,12,03/08/2020 15:08:19,Yes
100,48.94,45,34,7.56,03/08/2020 15:08:20,Yes
100,90.19,45,34,17,03/08/2020 15:08:21,Yes
100,82.77,45,34,6.25,03/08/2020 15:08:22,Yes
100,73.43,45,34,22,03/08/2020 15:08:23,Yes
100,47.32,45,24,28,03/08/2020 15:08:24,No
4.59,32.5,45,25,400,03/08/2020 15:08:25,No
4.49,32.5,45,26,400,03/08/2020 15:08:26,No
25.1,32.18,45,23,400,03/08/2020 15:08:27,No
19.43,32.5,45,24,400,03/08/2020 15:08:28,No
54.3,32.18,42,24,400,03/08/2020 15:08:29,No
54.39,32.18,42,25,54,03/08/2020 15:08:30,No
55.37,32.18,42,26,43,09/09/2020 08:18:31,No
53.52,32.5,42,23,43,09/09/2020 08:18:32,No
52.44,32.5,42,24,50.44,09/09/2020 08:18:33,No
54.88,32.5,42,24,32,09/09/2020 08:18:34,No
52.05,32.18,42,25,50.82,09/09/2020 08:18:35,No
33.11,32.18,42,26,34,09/09/2020 08:18:36,No
59.57,32.5,42,23,21.35,09/09/2020 08:18:37,No
100,22,42,24,51.01,09/09/2020 08:18:38,No
42.97,32.18,42,24,54,09/09/2020 08:18:39,No
42.29,32.5,42,25,47.8,09/09/2020 08:18:40,No
46.19,32.18,42,26,50.02,09/09/2020 08:18:41,No
37.11,32.18,42,23,49.91,09/09/2020 08:18:42,No
57.03,32.5,48,24,65,09/09/2020 08:18:43,No
94.14,32.5,48,24,49.1,09/09/2020 08:18:44,No
82.81,34.11,48,25,53.59,09/09/2020 08:18:45,No
100,32.5,48,26,32,09/09/2020 08:18:46,No
36.82,32.5,48,23,23.36,09/09/2020 08:18:47,No
100,34.11,48,24,32,09/09/2020 08:18:48,No
33.59,32.18,48,24,22.17,09/09/2020 08:18:49,No
100,34.11,48,25,44,09/09/2020 08:18:50,No
42.29,32.18,48,26,25.41,09/09/2020 08:18:51,No
100,32.5,48,23,54,09/09/2020 08:18:52,No
34.67,32.5,48,24,49.57,09/09/2020 08:18:53,No
88.38,32.5,48,24,111,09/09/2020 08:18:54,No
48.24,32.18,48,25,22.17,09/09/2020 08:18:55,No
61.13,32.18,48,26,112,09/09/2020 08:18:56,No
68.46,32.18,48,23,28.33,09/09/2020 08:18:57,No
57.81,32.18,48,24,61.76,09/09/2020 08:18:58,No
95.31,32.5,48,24,113,09/09/2020 08:18:59,No
97.56,32.18,48,25,19.49,09/09/2020 08:19:00,No
74.41,32.5,45,26,57.95,09/09/2020 08:19:01,No
80.57,32.18,45,23,211,09/09/2020 08:19:02,No
88.28,32.5,45,24,60.42,09/09/2020 08:19:03,No
75.78,32.5,45,24,11,09/09/2020 08:19:04,No
58.2,32.18,45,25,20.8,09/09/2020 08:19:05,No
64.84,32.5,45,26,23,09/09/2020 08:19:06,No
85.84,32.5,45,23,62.4,09/09/2020 08:19:07,No
73.14,32.5,45,24,64.25,09/09/2020 08:19:08,No
91.31,32.5,45,24,64.26,09/09/2020 08:19:09,No
90.04,32.5,45,25,64.47,09/09/2020 08:19:10,No
79.79,32.5,42,26,64.22,09/09/2020 08:19:11,No
98.14,32.5,42,23,65.32,09/09/2020 08:19:12,No
72.07,32.5,42,24,64.47,09/09/2020 08:19:13,No
60.55,32.5,42,24,63.72,09/09/2020 08:19:14,No
63.96,32.5,42,25,64.98,09/09/2020 08:19:15,No
70.7,32.5,42,26,34,09/09/2020 08:19:16,No
64.94,32.5,42,23,17.1,09/09/2020 08:19:17,No
85.84,32.5,42,24,66.43,09/09/2020 08:19:18,No
85.16,32.5,42,24,66.31,09/09/2020 08:19:19,No
73.93,32.5,42,25,66.92,09/09/2020 08:19:20,No
76.76,32.5,42,26,400,09/09/2020 08:19:21,No
72.27,32.5,42,23,66.87,09/09/2020 08:19:22,No
69.24,32.5,42,24,65.89,09/09/2020 08:19:23,No
86.33,32.5,42,24,77,09/09/2020 08:19:24,No
78.81,32.18,48,25,19.25,09/09/2020 08:19:25,No
85.84,32.5,48,26,66,09/09/2020 08:19:26,No
100,32.18,48,23,16.5,09/09/2020 08:19:27,No
100,32.5,48,24,65.28,09/09/2020 08:19:28,No
72.07,32.5,48,24,66.73,09/09/2020 08:19:29,No
100,32.5,48,25,66.92,09/09/2020 08:19:30,No
79.69,32.5,48,26,65.26,09/09/2020 08:19:31,No
60.64,32.5,48,23,66.07,09/09/2020 08:19:32,No
91.41,32.5,48,24,66.28,09/09/2020 08:19:33,No
65.72,32.18,48,24,55,09/09/2020 08:19:34,No
61.33,32.5,48,25,22.83,09/09/2020 08:19:35,No
56.93,32.5,48,26,33,09/09/2020 08:19:36,No
43.65,32.5,48,23,4,09/09/2020 08:19:37,No
95.02,32.18,48,24,44,09/09/2020 08:19:38,No
71.48,32.18,48,24,13.73,09/09/2020 08:19:39,No
73.54,32.18,48,25,70.2,09/09/2020 08:19:40,No
72.66,32.18,48,26,55,09/09/2020 08:19:41,No
60.06,31.86,48,23,61.42,09/09/2020 08:19:42,No
56.35,31.86,45,24,61.91,09/09/2020 08:19:43,No
100,34.43,45,24,55,09/09/2020 08:19:44,No
100,34.43,45,25,61.46,09/09/2020 08:19:45,No
100,32,45,26,57.4,09/09/2020 08:19:46,No
100,32,45,23,59.4,09/09/2020 08:19:47,No
100,23,45,24,33,09/09/2020 08:19:48,No
100,23,45,24,49.92,09/09/2020 08:19:49,No
100,22,45,25,56.12,09/09/2020 08:19:50,No
100,23,45,26,22,09/09/2020 08:19:51,No
100,33.14,45,23,55.43,09/09/2020 08:19:52,No
100,32.5,42,24,32,09/09/2020 08:19:53,No
82.81,32.5,42,24,55.49,09/09/2020 08:19:54,No
83.69,32.5,42,25,58.3,09/09/2020 08:19:55,No
100,32.18,42,26,400,09/09/2020 08:19:56,No
100,32.5,42,23,56.06,09/09/2020 08:19:57,No
50.78,32.5,42,24,400,09/09/2020 08:19:58,No
72.75,32.5,42,24,348.63,09/09/2020 08:19:59,No
39.55,32.18,42,25,56.85,09/09/2020 08:20:00,No
42.68,31.86,42,26,61.78,09/09/2020 08:20:01,No
64.55,32.82,42,23,54.29,09/09/2020 08:20:02,No
89.06,32.82,42,24,54.26,09/09/2020 08:20:03,No
54.39,32.5,42,24,59.16,09/09/2020 08:20:04,No
54.79,32.5,42,24,59.11,09/09/2020 08:20:05,No
12.5,32.18,42,34,59.74,09/09/2020 08:20:06,No
22.85,33,48,34,22,09/09/2020 08:20:07,No
27.05,92.18,48,34,60.14,09/09/2020 08:20:08,Yes
18.46,87,48,34,29,09/09/2020 08:20:09,Yes
34.47,62.5,48,34,56.79,09/09/2020 08:20:10,Yes
31.54,72,48,34,34,09/09/2020 08:20:11,Yes
35.94,72.18,48,34,57.69,09/09/2020 08:20:12,Yes
27.25,62,48,34,32,09/09/2020 08:20:13,Yes
23.83,80.24,48,34,59.15,09/09/2020 08:20:14,Yes
17.19,62.18,48,34,60.36,09/09/2020 08:20:15,Yes
12.89,72.18,48,34,59.06,09/09/2020 08:20:16,Yes
64.16,90.24,48,34,60.02,09/09/2020 08:20:17,Yes
15.04,62.18,48,34,59.97,09/09/2020 08:20:18,Yes
8.59,72.18,48,34,60.75,09/09/2020 08:20:19,Yes
21.97,90.24,48,34,60.46,09/09/2020 08:20:20,Yes
11.72,62.18,48,34,60.87,09/09/2020 08:20:21,Yes
29.1,72,48,34,12,09/09/2020 08:20:22,Yes
10.25,70.24,48,34,57.06,09/09/2020 08:20:23,Yes
24.61,92.18,48,34,61.26,09/09/2020 08:20:24,Yes
11.13,70.24,45,34,61.88,09/09/2020 08:20:25,Yes
20.51,62,45,34,23,09/09/2020 08:20:26,Yes
24.32,90.24,45,34,59.85,09/09/2020 08:20:27,Yes
31.74,62,45,34,34,09/09/2020 08:20:28,Yes
11.72,62,45,34,19.16,09/09/2020 08:20:29,Yes
11.72,70.24,45,34,400,09/09/2020 08:20:30,Yes
25.78,90.57,45,34,57.5,09/09/2020 08:20:31,Yes
33.89,70.24,45,34,61.67,09/09/2020 08:20:32,Yes
25.39,79.92,45,34,60.43,09/09/2020 08:20:33,Yes
31.35,60.24,45,34,60.4,09/09/2020 08:20:34,Yes
30.08,59.92,42,34,60.96,09/09/2020 08:20:35,Yes
20.61,49.92,42,34,59.7,09/09/2020 08:20:36,Yes
16.11,52.5,42,34,61.79,09/09/2020 08:20:37,Yes
32.81,62,42,34,43,09/09/2020 08:20:38,Yes
28.52,70.24,42,34,57.68,09/09/2020 08:20:39,Yes
31.64,82,42,34,45,09/09/2020 08:20:40,Yes
36.33,61.21,42,34,58.61,09/09/2020 08:20:41,Yes
30.18,62,42,34,43,09/09/2020 08:20:42,Yes
10.06,89.6,42,34,57.48,09/09/2020 08:20:43,Yes
14.36,72,42,34,60.86,09/09/2020 08:20:44,Yes
46.29,52,42,34,43,09/09/2020 08:20:45,Yes
33.01,79.92,42,34,17.91,09/09/2020 08:20:46,Yes
35.35,52,42,34,22,09/09/2020 08:20:47,Yes
23.63,79.92,42,34,61.05,09/09/2020 08:20:48,Yes
25.49,52,48,34,34,09/09/2020 08:20:49,Yes
29.2,70.24,48,34,57.16,09/09/2020 08:20:50,Yes
30.08,52,48,34,32,09/09/2020 08:20:51,Yes
44.53,70.24,48,34,58.95,09/09/2020 08:20:52,Yes
35.94,50.24,48,34,62.67,09/09/2020 08:20:53,Yes
35.64,72,48,34,32,09/09/2020 08:20:54,Yes
35.06,52,48,34,19.5,09/09/2020 08:20:55,Yes
27.44,79.92,48,34,121,09/09/2020 08:20:56,Yes
26.56,30.24,48,24,60.46,09/09/2020 08:20:57,No
7.13,32.18,48,25,222,09/09/2020 08:20:58,No
6.35,32.18,48,26,400,09/09/2020 08:20:59,No
4.69,31.86,48,23,400,09/09/2020 08:21:00,No
4.59,32.5,48,24,400,09/09/2020 08:21:01,No
6.15,32.18,48,24,400,09/09/2020 08:21:02,No
5.27,32.18,48,25,400,09/09/2020 08:21:03,No
4.98,31.86,48,26,400,09/09/2020 08:21:04,No
7.03,32.18,48,23,400,09/09/2020 08:21:05,No
6.64,32.18,48,24,400,09/09/2020 08:21:06,No
4.69,32.18,45,24,55,09/09/2020 08:21:07,No
4.79,32.18,45,25,400,09/09/2020 08:21:08,No
5.86,32.18,45,26,400,09/09/2020 08:21:09,No
6.64,32.18,45,23,400,09/09/2020 08:21:10,No
6.74,32.18,45,24,400,09/09/2020 08:21:11,No
5.08,32.18,45,24,400,09/09/2020 08:21:12,No
4.98,32.18,45,25,400,09/09/2020 08:21:13,No
4.59,32.18,45,26,400,09/09/2020 08:21:14,No
4.98,32.18,45,23,400,09/09/2020 08:21:15,No
4.2,32.18,45,24,400,09/09/2020 08:21:16,No
5.37,32.18,42,24,400,09/09/2020 08:21:17,No
4.79,32.18,42,25,400,09/09/2020 08:21:18,No
5.37,32.18,42,26,400,09/09/2020 08:21:19,No
7.32,32.18,42,23,400,09/09/2020 08:21:20,No
6.25,32.18,42,24,400,09/09/2020 08:21:21,No
5.18,32.18,42,24,400,09/09/2020 08:21:22,No
6.15,32.18,42,25,400,09/09/2020 08:21:23,No
6.93,32.18,42,26,400,09/09/2020 08:21:24,No
4.88,32.18,42,23,400,09/09/2020 08:21:25,No
4.88,32.18,42,24,400,09/09/2020 08:21:26,No
6.84,32.18,42,24,400,09/09/2020 08:21:27,No
4.98,32.18,42,25,400,09/09/2020 08:21:28,No
5.37,32.18,42,26,400,09/09/2020 08:21:29,No
4.49,32.18,42,23,74.86,09/09/2020 08:21:30,No
6.84,32.18,48,24,400,09/09/2020 08:21:31,No
5.18,32.18,48,24,400,09/09/2020 08:21:32,No
6.54,24.82,48,24,400,09/09/2020 08:21:33,No
8.11,24.5,48,24,400,09/09/2020 08:21:34,No
7.03,24.86,48,24,400,09/09/2020 08:21:35,No
100,107.59,48,34,4.28,09/09/2020 08:21:36,Yes
100,109.2,48,34,4.28,09/09/2020 08:21:37,Yes
100,110.49,48,34,5.73,09/09/2020 08:21:38,Yes
33.69,65,48,34,19.56,09/09/2020 08:21:39,Yes
24.51,85,48,34,18.08,09/09/2020 08:21:40,Yes
27.83,65,48,34,19.04,09/09/2020 08:21:41,Yes
48.05,25.14,48,24,9.89,09/09/2020 08:21:42,No
48.05,25.82,48,24,9.85,09/09/2020 08:21:43,No
49.32,25.14,48,24,9.84,09/09/2020 08:21:44,No
4.2,25.63,48,24,154.49,09/09/2020 08:21:45,No
4.1,25.63,48,24,400,09/09/2020 08:21:46,No
100,88,48,34,12,09/09/2020 08:21:47,Yes
100,78,48,34,15,09/09/2020 08:21:48,Yes
18.26,24.38,45,34,154.89,09/09/2020 08:21:49,Yes
19.73,23,45,34,21.85,09/09/2020 08:21:50,Yes
44,24.28,45,24,153.22,10/10/2020 16:03:51,No
45,24.28,45,24,154.08,10/10/2020 16:03:52,No
4.1,23.63,45,24,400,10/10/2020 16:03:53,No
4.2,23.63,45,24,400,10/10/2020 16:03:54,No
4.1,23.96,45,24,400,10/10/2020 16:03:55,No
100,52.16,45,34,22,10/10/2020 16:03:56,No
100,36.37,45,34,7.52,10/10/2020 16:03:57,Yes
55.08,32.18,45,34,22,10/10/2020 16:03:58,Yes
100,75.68,42,34,22,10/10/2020 16:03:59,Yes
88.77,44.75,42,34,21,10/10/2020 16:04:00,Yes
100,36.37,42,34,22,10/10/2020 16:04:01,Yes
100,119.51,42,34,17,10/10/2020 16:04:02,Yes
100,91.15,42,34,19,10/10/2020 16:04:03,Yes
100,88.9,42,34,22,10/10/2020 16:04:04,Yes
100,63.12,42,34,23,10/10/2020 16:04:05,Yes
100,102.43,42,34,14,10/10/2020 16:04:06,Yes
100,153.35,42,34,13,10/10/2020 16:04:07,Yes
100,157.22,42,34,12,10/10/2020 16:04:08,Yes
100,89.22,42,34,22,10/10/2020 16:04:09,Yes
100,32.5,42,34,32,10/10/2020 16:04:10,Yes
100,81.81,42,34,12,10/10/2020 16:04:11,Yes
100,61.83,42,34,12,10/10/2020 16:04:12,Yes
100,96.31,48,34,9.47,10/10/2020 16:04:13,Yes
100,32.5,48,34,24,10/10/2020 16:04:14,Yes
100,35.4,48,34,29,10/10/2020 16:04:15,Yes
100,35.4,48,34,33,10/10/2020 16:04:16,Yes
100,36.69,48,34,34,10/10/2020 16:04:17,Yes
100,36.37,48,34,32,10/10/2020 16:04:18,Yes
100,43.13,48,34,23,10/10/2020 16:04:19,Yes
100,36.69,48,34,28,10/10/2020 16:04:20,Yes
100,99,48,34,12,10/10/2020 16:04:21,Yes
100,45.07,48,34,23,10/10/2020 16:04:22,Yes
100,121,48,34,7.91,10/10/2020 16:04:23,Yes
100,44,48,34,22,10/10/2020 16:04:24,Yes
100,112,48,34,6.76,10/10/2020 16:04:25,Yes
100,36.69,48,34,32,10/10/2020 16:04:26,Yes
100,34.76,48,34,10.77,10/10/2020 16:04:27,Yes
100,34.43,48,34,33,10/10/2020 16:04:28,Yes
100,44,48,34,22,10/10/2020 16:04:29,Yes
100,111,48,34,6.76,10/10/2020 16:04:30,Yes
100,64,45,34,22,10/10/2020 16:04:31,Yes
100,77.01,45,34,44,10/10/2020 16:04:32,Yes
100,85.72,45,24,33,10/10/2020 16:04:33,No
59.86,31.53,45,25,25.22,10/10/2020 16:04:34,No
61.62,32.5,45,26,25.47,10/10/2020 16:04:35,No
72.66,32.5,45,23,43,10/10/2020 16:04:36,No
54.69,32.5,45,24,58.89,10/10/2020 16:04:37,No
36.82,32.5,45,24,32,10/10/2020 16:04:38,No
83.01,32.5,45,25,24.47,10/10/2020 16:04:39,No
60.64,32.5,45,26,21,10/10/2020 16:04:40,No
56.74,32.5,42,23,35.34,10/10/2020 16:04:41,No
32.23,32.18,42,24,31.24,10/10/2020 16:04:42,No
48.83,32.5,42,24,21,10/10/2020 16:04:43,No
28.32,32.5,42,25,30.7,10/10/2020 16:04:44,No
41.6,32.18,42,26,61,10/10/2020 16:04:45,No
50.29,32.18,42,23,23,10/10/2020 16:04:46,No
42.58,32.18,42,24,58.1,10/10/2020 16:04:47,No
59.08,31.21,42,24,61.92,10/10/2020 16:04:48,No
29.39,31.86,42,25,60.21,10/10/2020 16:04:49,No
48.83,31.21,42,26,60.7,10/10/2020 16:04:50,No
45.12,31.86,42,23,45,10/10/2020 16:04:51,No
68.75,31.86,42,24,27.28,10/10/2020 16:04:52,No
63.77,31.21,42,24,43,10/10/2020 16:04:53,No
50,32.18,42,25,43.43,10/10/2020 16:04:54,No
86.72,31.53,48,26,43,10/10/2020 16:04:55,No
52.44,30.89,48,23,24.33,10/10/2020 16:04:56,No
48.54,31.86,48,24,61.12,10/10/2020 16:04:57,No
66.8,31.86,48,24,32,10/10/2020 16:04:58,No
85.06,31.86,48,25,25.27,10/10/2020 16:04:59,No
34.67,31.21,48,26,34,10/10/2020 16:05:00,No
73.44,30.89,48,23,24.32,10/10/2020 16:05:01,No
53.61,31.86,48,24,60.21,10/10/2020 16:05:02,No
70.7,31.21,48,24,43,10/10/2020 16:05:03,No
50.39,31.86,48,25,26.73,10/10/2020 16:05:04,No
49.12,31.86,48,26,32,10/10/2020 16:05:05,No
60.16,31.86,48,23,28.38,10/10/2020 16:05:06,No
52.83,32.5,48,24,34,10/10/2020 16:05:07,No
27.93,31.86,48,24,25.62,10/10/2020 16:05:08,No
17.68,32.18,48,25,59.21,10/10/2020 16:05:09,No
33.89,31.21,48,26,400,10/10/2020 16:05:10,No
32.42,31.21,48,23,23.01,10/10/2020 16:05:11,No
37.99,31.21,48,24,54,10/10/2020 16:05:12,No
42.58,31.21,45,24,19.6,10/10/2020 16:05:13,No
9.57,31.86,45,25,59.47,10/10/2020 16:05:14,No
5.47,31.21,45,26,60.47,10/10/2020 16:05:15,No
60.16,31.21,45,23,60.46,10/10/2020 16:05:16,No
56.64,31.21,45,24,54,10/10/2020 16:05:17,No
100,31.86,45,24,20.1,10/10/2020 16:05:18,No
78.91,32.18,45,25,32,10/10/2020 16:05:19,No
100,32.18,45,26,57.64,10/10/2020 16:05:20,No
71.09,31.53,45,23,32,10/10/2020 16:05:21,No
69.53,32.18,45,24,61.2,10/10/2020 16:05:22,No
72.27,31.21,42,24,21,10/10/2020 16:05:23,No
68.07,31.53,42,25,59.49,10/10/2020 16:05:24,No
57.52,31.86,42,26,32,10/10/2020 16:05:25,No
78.03,31.53,42,23,57.68,10/10/2020 16:05:26,No
65.82,31.86,42,24,43,10/10/2020 16:05:27,No
58.2,32.18,42,24,61.42,10/10/2020 16:05:28,No
74.41,30.89,42,25,54,10/10/2020 16:05:29,No
52.64,32.18,42,26,59.05,10/10/2020 16:05:30,No
87.5,31.21,42,23,61.45,10/10/2020 16:05:31,No
55.08,31.21,42,24,64.37,10/10/2020 16:05:32,No
100,31.86,42,24,32,10/10/2020 16:05:33,No
74.9,31.21,42,25,20.44,10/10/2020 16:05:34,No
69.14,31.21,42,26,32,10/10/2020 16:05:35,No
58.69,31.21,42,23,22.4,10/10/2020 16:05:36,No
68.46,31.86,48,24,60.77,10/10/2020 16:05:37,No
71.58,31.53,48,24,21,10/10/2020 16:05:38,No
77.83,31.21,48,25,58.82,10/10/2020 16:05:39,No
55.86,32.18,48,26,43,10/10/2020 16:05:40,No
83.69,31.86,48,23,22.42,10/10/2020 16:05:41,No
64.16,32.18,48,24,64.48,10/10/2020 16:05:42,No
19.34,32,48,34,43,10/10/2020 16:05:43,No
28.52,32.5,48,34,52.37,10/10/2020 16:05:44,Yes
41.7,32,48,34,21,10/10/2020 16:05:45,Yes
11.52,30.24,48,34,54.18,10/10/2020 16:05:46,Yes
5.18,30.24,48,34,65,10/10/2020 16:05:47,Yes
50.88,72.5,48,34,52.51,10/10/2020 16:05:48,Yes
37.89,72.5,48,34,45,10/10/2020 16:05:49,Yes
12.6,62.5,48,34,53.76,10/10/2020 16:05:50,Yes
33.59,30.24,48,34,65,10/10/2020 16:05:51,Yes
25,72.5,48,34,56.2,10/10/2020 16:05:52,Yes
63.96,60.24,48,34,45,10/10/2020 16:05:53,Yes
22.75,72.5,48,34,56.2,10/10/2020 16:05:54,Yes
58.69,60.24,45,34,59.69,10/10/2020 16:05:55,Yes
55.57,60.24,45,34,55,10/10/2020 16:05:56,Yes
54.2,70.24,45,24,55.05,10/10/2020 16:05:57,Yes
34.77,70.24,45,24,66,10/10/2020 16:05:58,Yes
44.53,60.24,45,34,55.44,10/10/2020 16:05:59,Yes
27.44,72.5,45,34,54,10/10/2020 16:06:00,Yes
48.54,62,45,34,12,10/10/2020 16:06:01,Yes
29.3,70.24,45,34,65,10/10/2020 16:06:02,Yes
32.23,62.18,45,34,56.59,10/10/2020 16:06:03,Yes
24.9,72.18,45,34,54,10/10/2020 16:06:04,Yes
28.81,62.5,42,34,56.18,10/10/2020 16:06:05,Yes
52.83,72.5,42,34,45,10/10/2020 16:06:06,Yes
26.17,70.24,42,34,57.48,10/10/2020 16:06:07,Yes
21.78,70.24,42,34,34,10/10/2020 16:06:08,Yes
41.89,70.24,42,34,57.2,10/10/2020 16:06:09,Yes
29.69,60.24,42,34,34,10/10/2020 16:06:10,Yes
38.67,72.18,42,34,59,10/10/2020 16:06:11,Yes
31.64,90.24,42,34,54,10/10/2020 16:06:12,Yes
32.23,72.18,42,34,57.72,10/10/2020 16:06:13,Yes
29.59,92.18,42,34,34,10/10/2020 16:06:14,Yes
30.96,72.18,42,34,60.05,10/10/2020 16:06:15,Yes
27.05,90.24,42,34,43,10/10/2020 16:06:16,Yes
27.34,70.24,42,34,60.11,10/10/2020 16:06:17,Yes
26.27,90.24,42,34,54,10/10/2020 16:06:18,Yes
18.65,70.24,48,34,60.04,10/10/2020 16:06:19,Yes
30.08,92.18,48,34,65,10/10/2020 16:06:20,Yes
30.96,70.24,48,34,57.5,10/10/2020 16:06:21,Yes
32.71,90.24,48,34,76,10/10/2020 16:06:22,Yes
38.96,72.18,48,34,55.94,10/10/2020 16:06:23,Yes
29.79,92.18,48,34,61.57,10/10/2020 16:06:24,Yes
41.31,32,48,24,22,10/10/2020 16:06:25,No
6.64,32.18,48,25,400,10/10/2020 16:06:26,No
4.39,32.18,48,26,400,10/10/2020 16:06:27,No
6.05,32.18,48,23,400,10/10/2020 16:06:28,No
5.86,32.18,48,24,400,10/10/2020 16:06:29,No
5.76,32.18,48,24,400,10/10/2020 16:06:30,No
6.64,32.18,48,25,400,10/10/2020 16:06:31,No
6.45,32.18,48,26,400,10/10/2020 16:06:32,No
6.15,32.18,48,23,400,10/10/2020 16:06:33,No
4.39,32.18,48,24,400,10/10/2020 16:06:34,No
5.76,32.18,48,24,400,10/10/2020 16:06:35,No
5.27,32.18,48,25,400,10/10/2020 16:06:36,No
6.64,32.18,45,26,75.12,10/10/2020 16:06:37,No
6.64,32.18,45,23,400,10/10/2020 16:06:38,No
4.98,32.18,45,24,400,10/10/2020 16:06:39,No
6.05,32.18,45,24,74.18,10/10/2020 16:06:40,No
6.25,32.18,45,25,400,10/10/2020 16:06:41,No
4.69,32.18,45,26,400,10/10/2020 16:06:42,No
6.25,32.18,45,23,400,10/10/2020 16:06:43,No
4.3,32.18,45,24,400,10/10/2020 16:06:44,No
6.25,32.18,45,24,400,10/10/2020 16:06:45,No
4.39,32.18,45,25,400,10/10/2020 16:06:46,No
4.3,32.18,42,26,70.24,10/10/2020 16:06:47,No
6.54,32.18,42,23,82.61,10/10/2020 16:06:48,No
4.49,32.18,42,24,400,10/10/2020 16:06:49,No
4.1,32.18,42,24,66.13,10/10/2020 16:06:50,No
5.18,32.18,42,25,76.24,10/10/2020 16:06:51,No
6.25,32.18,42,26,76.22,10/10/2020 16:06:52,No
4.98,32.18,42,23,400,10/10/2020 16:06:53,No
4.69,32.18,42,24,400,10/10/2020 16:06:54,No
5.66,32.18,42,24,400,10/10/2020 16:06:55,No
4.39,32.18,42,25,400,10/10/2020 16:06:56,No
6.64,32.18,42,26,400,10/10/2020 16:06:57,No
4.1,32.18,42,23,400,10/10/2020 16:06:58,No
4.88,32.18,42,24,400,10/10/2020 16:06:59,No
6.64,32.18,42,24,400,10/10/2020 16:07:00,No
4.49,32.18,48,25,400,10/10/2020 16:07:01,No
5.96,32.18,48,26,70.36,10/10/2020 16:07:02,No
5.08,32.18,48,23,400,10/10/2020 16:07:03,No
4.49,32.18,48,24,400,10/10/2020 16:07:04,No
6.54,32.18,48,24,400,10/10/2020 16:07:05,No
5.08,32.18,48,25,400,10/10/2020 16:07:06,No
4.98,32.18,48,26,400,10/10/2020 16:07:07,No
5.76,32.18,48,23,400,10/10/2020 16:07:08,No
6.05,32.18,48,24,78.93,10/10/2020 16:07:09,No
5.86,32.18,48,24,77.67,10/10/2020 16:07:10,No
4.2,32.18,48,25,71.72,10/10/2020 16:07:11,No
6.35,32.18,48,26,400,10/10/2020 16:07:12,No
4.2,31.86,48,23,400,10/10/2020 16:07:13,No
4.39,32.18,48,24,75.51,10/10/2020 16:07:14,No
7.62,32.18,48,24,400,10/10/2020 16:07:15,No
5.96,32.5,48,25,400,10/10/2020 16:07:16,No
5.57,32.18,48,26,400,10/10/2020 16:07:17,No
18.16,32.18,48,23,107.1,10/10/2020 16:07:18,No
14.55,32.18,45,24,400,10/10/2020 16:07:19,No
19.73,32.18,45,24,400,10/10/2020 16:07:20,No
5.96,32.18,45,24,70.74,10/10/2020 16:07:21,No
11.04,32.18,45,24,400,10/10/2020 16:07:22,No
9.47,34.76,45,24,70.31,10/10/2020 16:07:23,No
54,44,45,34,24,11/11/2020 11:11:23,Yes
55,45,45,34,25,11/11/2020 11:11:24,Yes
54,44,45,34,24,11/11/2020 11:11:25,Yes
55,43,45,34,23,11/11/2020 11:11:26,Yes
56,47,45,34,23,11/11/2020 11:11:27,Yes
57,46,42,34,24,11/11/2020 11:11:28,Yes
52,50,42,34,27,11/11/2020 11:11:29,Yes
54,45,42,34,26,11/11/2020 11:11:30,Yes
53,44,42,34,21,11/11/2020 11:11:31,Yes
56,43,42,34,22,11/11/2020 11:11:32,Yes
54,46,42,34,23,11/11/2020 11:11:33,Yes
53,42,42,34,24,11/11/2020 11:11:34,Yes
56,43,42,34,23,11/11/2020 11:11:35,Yes
55,44,42,34,28,11/11/2020 11:11:36,Yes
60,45,42,34,29,11/11/2020 11:11:37,Yes
59,45,42,34,21,11/11/2020 11:11:38,Yes
54,43,42,34,19,11/11/2020 11:11:39,Yes
51,44,42,34,31,11/11/2020 11:11:40,Yes
52,44,42,34,32,11/11/2020 11:11:41,Yes
54,43,48,34,22,11/11/2020 11:11:42,Yes
54,43,48,34,23,11/11/2020 11:11:43,Yes
54,46,48,34,25,11/11/2020 11:11:44,Yes
55,45,48,34,24,11/11/2020 11:11:45,Yes
56,45,48,34,26,11/11/2020 11:11:46,Yes
45,25,48,24,50,12/11/2020 12:12:46,No
44,24,48,25,49,12/11/2020 12:12:47,No
46,23,48,26,48,12/11/2020 12:12:48,No
43,22,48,23,47,12/11/2020 12:12:49,No
47,21,48,24,46,12/11/2020 12:12:50,No
41,20,48,24,51,12/11/2020 12:12:51,No
48,26,48,25,52,12/11/2020 12:12:52,No
40,27,48,26,53,12/11/2020 12:12:53,No
49,28,48,23,54,12/11/2020 12:12:54,No
41,29,48,24,55,12/11/2020 12:12:55,No
48,30,48,24,47,12/11/2020 12:12:56,No
40,24,48,25,46,12/11/2020 12:12:57,No
49,23,48,26,51,12/11/2020 12:12:58,No
46,22,45,23,55,12/11/2020 12:12:59,No
43,21,45,24,47,12/11/2020 12:13:00,No
41,24,45,24,46,12/11/2020 12:13:01,No
48,26,45,25,49,12/11/2020 12:13:02,No
40,27,45,26,47,12/11/2020 12:13:03,No
41,28,45,23,46,12/11/2020 12:13:04,No
48,29,45,24,55,12/11/2020 12:13:05,No
40,24,45,24,47,12/11/2020 12:13:06,No
49,23,45,25,46,12/11/2020 12:13:07,No
43,22,45,26,47,12/11/2020 12:13:08,No
47,21,42,23,46,12/11/2020 12:13:09,No
41,24,42,24,51,12/11/2020 12:13:10,No
48,23,42,24,55,12/11/2020 12:13:11,No
40,22,42,25,47,12/11/2020 12:13:12,No
49,21,42,26,46,12/11/2020 12:13:13,No
44,27,42,23,49,12/11/2020 12:13:14,No
46,28,42,24,47,12/11/2020 12:13:15,No
43,29,42,34,46,12/11/2020 12:13:16,No
47,64,42,34,51,12/11/2020 12:13:17,No
20,85,42,34,50,09/07/2020 10:10:17,Yes
19,53,42,34,48,09/07/2020 10:10:18,Yes
18,82,42,34,46,09/07/2020 10:10:19,Yes
23,60,42,34,52,09/07/2020 10:10:20,Yes
22,83,42,34,53,09/07/2020 10:10:21,Yes
20,52,48,34,54,09/07/2020 10:10:22,Yes
23,80,48,34,51,09/07/2020 10:10:23,Yes
22,86,48,34,49,09/07/2020 10:10:24,Yes
20,69,48,34,47,09/07/2020 10:10:25,Yes
16,82,48,34,45,09/07/2020 10:10:26,Yes
19,61,48,34,49,09/07/2020 10:10:27,Yes
18,80,48,34,47,09/07/2020 10:10:28,Yes
23,69,48,34,45,09/07/2020 10:10:29,Yes
19,83,48,34,54,09/07/2020 10:10:30,Yes
18,68,48,34,51,09/07/2020 10:10:31,Yes
23,83,48,34,49,09/07/2020 10:10:32,Yes
22,62,48,34,49,09/07/2020 10:10:33,Yes
20,80,48,34,47,09/07/2020 10:10:34,Yes
23,83,48,34,45,09/07/2020 10:10:35,Yes
22,62,48,34,54,09/07/2020 10:10:36,Yes
16,80,48,34,51,09/07/2020 10:10:37,Yes
19,66,48,34,49,09/07/2020 10:10:38,Yes
18,89,48,34,47,09/07/2020 10:10:39,Yes
23,76,45,34,49,09/07/2020 10:10:40,Yes
19,73,45,34,47,09/07/2020 10:10:41,Yes
18,72,45,34,45,09/07/2020 10:10:42,Yes
23,70,45,34,49,09/07/2020 10:10:43,Yes
22,73,45,34,47,09/07/2020 10:10:44,Yes
20,72,45,34,45,09/07/2020 10:10:45,Yes
23,80,45,34,54,09/07/2020 10:10:46,Yes
22,66,45,34,51,09/07/2020 10:10:47,Yes
20,89,45,34,49,09/07/2020 10:10:48,Yes
25,40,45,34,50,08/08/2020 08:08:47,No
22,59,42,34,51,08/08/2020 08:08:48,Yes
16,68,42,34,49,08/08/2020 08:08:49,Yes
19,36,42,34,49,08/08/2020 08:08:50,No
18,67,42,34,47,08/08/2020 08:08:51,Yes
23,61,42,34,45,08/08/2020 08:08:52,Yes
19,63,42,34,54,08/08/2020 08:08:53,Yes
18,42,42,34,51,08/08/2020 08:08:54,No
23,45,42,34,49,08/08/2020 08:08:55,Yes
22,44,42,34,47,08/08/2020 08:08:56,Yes
20,35,42,34,49,08/08/2020 08:08:57,No
23,38,42,34,47,08/08/2020 08:08:58,No
22,39,42,34,45,08/08/2020 08:08:59,Yes
20,42,42,34,49,08/08/2020 08:09:00,Yes
22,44,42,34,47,08/08/2020 08:09:01,No
16,45,48,34,45,08/08/2020 08:09:02,Yes
19,41,48,34,54,08/08/2020 08:09:03,Yes
18,47,48,34,51,08/08/2020 08:09:04,No
23,42,48,34,51,08/08/2020 08:09:05,Yes
19,38,48,34,49,08/08/2020 08:09:06,No
18,77,48,34,49,08/08/2020 08:09:07,Yes
23,39,48,34,47,08/08/2020 08:09:08,Yes
22,47,48,34,45,08/08/2020 08:09:09,Yes
20,42,48,34,54,08/08/2020 08:09:10,No
23,38,48,34,51,08/08/2020 08:09:11,Yes
22,37,48,34,49,08/08/2020 08:09:12,Yes
20,39,48,34,47,08/08/2020 08:09:13,No
23,44,48,34,49,08/08/2020 08:09:14,Yes
22,45,48,34,47,08/08/2020 08:09:15,No
24,47,48,34,45,08/08/2020 08:09:16,Yes
22,42,48,34,49,08/08/2020 08:09:17,Yes
16,38,48,34,51,08/08/2020 08:09:18,Yes
19,37,48,34,49,08/08/2020 08:09:19,Yes
18,39,45,34,49,08/08/2020 08:09:20,No
23,39,45,34,47,08/08/2020 08:09:21,Yes
19,42,45,34,45,08/08/2020 08:09:22,Yes
22,44,45,34,54,08/08/2020 08:09:23,No
16,65,45,34,51,08/08/2020 08:09:24,Yes
19,71,45,34,49,08/08/2020 08:09:25,Yes
18,47,45,34,47,08/08/2020 08:09:26,No
23,42,45,34,49,08/08/2020 08:09:27,Yes
19,38,45,34,47,08/08/2020 08:09:28,Yes
18,37,45,34,45,08/08/2020 08:09:29,No
23,39,42,34,49,08/08/2020 08:09:30,No
22,39,42,34,47,08/08/2020 08:09:31,Yes
20,42,42,34,45,08/08/2020 08:09:32,Yes
23,44,42,34,54,08/08/2020 08:09:33,No
22,45,42,34,51,08/08/2020 08:09:34,Yes
20,47,42,34,45,08/08/2020 08:09:35,Yes
19,42,42,34,54,08/08/2020 08:09:36,No
22,38,42,34,51,08/08/2020 08:09:37,No
16,77,42,34,49,08/08/2020 08:09:38,Yes
19,39,42,34,47,08/08/2020 08:09:39,Yes
18,42,42,34,49,08/08/2020 08:09:40,No
23,44,42,34,47,08/08/2020 08:09:41,Yes
19,45,42,34,45,08/08/2020 08:09:42,No
18,41,42,34,49,08/08/2020 08:09:43,No
23,47,48,34,51,08/08/2020 08:09:44,Yes
22,42,48,34,49,08/08/2020 08:09:45,Yes
20,38,48,34,49,08/08/2020 08:09:46,Yes
23,37,48,34,47,08/08/2020 08:09:47,Yes
22,39,48,34,45,08/08/2020 08:09:48,No
16,47,48,34,54,08/08/2020 08:09:49,Yes
19,42,48,34,51,08/08/2020 08:09:50,Yes
18,38,48,34,49,08/08/2020 08:09:51,No
23,37,48,34,51,08/08/2020 08:09:52,Yes
19,39,48,34,49,08/08/2020 08:09:53,No
18,44,48,34,49,08/08/2020 08:09:54,Yes
23,45,48,34,47,08/08/2020 08:09:55,Yes
22,41,48,34,45,08/08/2020 08:09:56,No
20,47,48,34,54,08/08/2020 08:09:57,Yes
23,42,48,34,51,08/08/2020 08:09:58,No
22,38,48,34,49,08/08/2020 08:09:59,Yes
20,37,48,34,47,08/08/2020 08:10:00,Yes
23,39,48,34,49,08/08/2020 08:10:01,No
19,38,48,34,47,08/08/2020 08:10:02,No
18,39,48,34,45,08/08/2020 08:10:03,Yes
23,42,48,34,49,08/08/2020 08:10:04,Yes
22,44,48,34,47,08/08/2020 08:10:05,No
20,45,48,34,51,08/08/2020 08:10:06,Yes
22,41,48,34,49,08/08/2020 08:10:07,No
16,47,48,34,49,08/08/2020 08:10:08,Yes
19,42,48,34,47,08/08/2020 08:10:09,Yes
18,38,48,34,45,08/08/2020 08:10:10,No
23,37,48,34,54,08/08/2020 08:10:11,Yes
19,39,48,34,51,08/08/2020 08:10:12,No
18,44,48,34,49,08/08/2020 08:10:13,Yes
23,45,48,34,47,08/08/2020 08:10:14,Yes
22,38,48,34,49,08/08/2020 08:10:15,No
20,39,48,34,47,08/08/2020 08:10:16,Yes
23,42,48,34,45,08/08/2020 08:10:17,No
22,44,48,34,49,08/08/2020 08:10:18,Yes
20,45,48,34,47,08/08/2020 08:10:19,No
23,41,48,34,45,08/08/2020 08:10:20,Yes
22,47,48,34,51,08/08/2020 08:10:21,Yes
20,42,48,34,49,08/08/2020 08:10:22,Yes
22,38,48,34,49,08/08/2020 08:10:23,No
16,37,48,34,47,08/08/2020 08:10:24,Yes
19,39,48,34,45,08/08/2020 08:10:25,Yes
18,47,48,34,54,08/08/2020 08:10:26,Yes
23,42,48,34,51,08/08/2020 08:10:27,Yes
19,38,48,34,49,08/08/2020 08:10:28,No
18,77,48,34,47,08/08/2020 08:10:29,Yes
23,79,48,34,49,08/08/2020 08:10:30,Yes
22,42,48,34,47,08/08/2020 08:10:31,No
20,44,48,34,45,08/08/2020 08:10:32,No
23,45,48,34,49,08/08/2020 08:10:33,Yes
22,41,44,1,47,08/08/2020 08:10:34,Yes